{"cameraMode":{"drawMode":0,"name":"Shaded","section":"Shading Mode"},"sceneLighting":true,"audioPlay":false,"sceneViewState":{"m_AlwaysRefresh":false,"showFog":true,"showSkybox":true,"showFlares":true,"showImageEffects":true,"showParticleSystems":true,"showVisualEffectGraphs":true,"m_FxEnabled":true},"in2DMode":false,"pivot":{"x":11.790252685546875,"y":1.2413527965545655,"z":14.198559761047364},"rotation":{"x":0.024598749354481698,"y":-0.007497643120586872,"z":0.00018368175369687378,"w":0.9996723532676697},"size":12.076908111572266,"orthographic":false}