{"cameraMode":{"drawMode":0,"name":"Shaded","section":"Shading Mode"},"sceneLighting":false,"audioPlay":false,"sceneViewState":{"m_AlwaysRefresh":false,"showFog":true,"showSkybox":false,"showFlares":true,"showImageEffects":true,"showParticleSystems":true,"showVisualEffectGraphs":true,"m_FxEnabled":true},"in2DMode":false,"pivot":{"x":-0.38125595450401308,"y":-0.056946754455566409,"z":-0.10944902896881104},"rotation":{"x":-0.568415641784668,"y":0.021464094519615175,"z":-0.014839028008282185,"w":-0.8223346471786499},"size":1.3072216510772706,"orthographic":true}