{"cameraMode":{"drawMode":0,"name":"Shaded","section":"Shading Mode"},"sceneLighting":true,"audioPlay":false,"sceneViewState":{"m_AlwaysRefresh":false,"showFog":true,"showSkybox":true,"showFlares":true,"showImageEffects":true,"showParticleSystems":true,"showVisualEffectGraphs":true,"m_FxEnabled":true},"in2DMode":false,"pivot":{"x":22.21727752685547,"y":105.05400085449219,"z":78.36957550048828},"rotation":{"x":-0.0033095814287662508,"y":0.0005971039063297212,"z":-0.000002036143996519968,"w":-0.9999945163726807},"size":214.76132202148438,"orthographic":false}