{"cameraMode":{"drawMode":0,"name":"Shaded","section":"Shading Mode"},"sceneLighting":true,"audioPlay":false,"sceneViewState":{"m_AlwaysRefresh":false,"showFog":true,"showSkybox":true,"showFlares":true,"showImageEffects":true,"showParticleSystems":true,"showVisualEffectGraphs":true,"m_FxEnabled":true},"in2DMode":false,"pivot":{"x":-0.12157917022705078,"y":12.765907287597657,"z":51.28434753417969},"rotation":{"x":-0.046692654490470889,"y":-0.06528455018997193,"z":0.0030581848695874216,"w":-0.99676913022995},"size":58.37250900268555,"orthographic":false}