{"cameraMode":{"drawMode":0,"name":"Shaded","section":"Shading Mode"},"sceneLighting":false,"audioPlay":false,"sceneViewState":{"m_AlwaysRefresh":false,"showFog":true,"showSkybox":false,"showFlares":true,"showImageEffects":true,"showParticleSystems":true,"showVisualEffectGraphs":true,"m_FxEnabled":true},"in2DMode":false,"pivot":{"x":1.5686992406845093,"y":0.3811904191970825,"z":1.1537818908691407},"rotation":{"x":-0.009689081460237503,"y":0.9877199530601502,"z":-0.14019887149333955,"w":-0.06826100498437882},"size":1.2524410486221314,"orthographic":false}