{"cameraMode":{"drawMode":0,"name":"Shaded","section":"Shading Mode"},"sceneLighting":false,"audioPlay":false,"sceneViewState":{"m_AlwaysRefresh":false,"showFog":true,"showSkybox":false,"showFlares":true,"showImageEffects":true,"showParticleSystems":true,"showVisualEffectGraphs":true,"m_FxEnabled":true},"in2DMode":false,"pivot":{"x":0.5407702326774597,"y":0.17092549800872804,"z":-0.6197998523712158},"rotation":{"x":-0.09933988004922867,"y":0.8920796513557434,"z":-0.3701499402523041,"w":-0.23941415548324586},"size":0.5934752821922302,"orthographic":false}